b'"s","o","p"
"http://dbpedia.org/resource/Alice_(movie)","http://dbpedia.org/ontology/wikiPageWikiLink","http://dbpedia.org/resource/Microsoft_Bob"
"http://dbpedia.org/resource/Alice_(movie)","http://dbpedia.org/ontology/wikiPageWikiLink","http://dbpedia.org/resource/One_Hot_Minute"
"http://dbpedia.org/resource/Alice_(movie)","http://dbpedia.org/ontology/wikiPageWikiLink","http://dbpedia.org/resource/Good_Luck_Charlie"
"http://dbpedia.org/resource/Alice_(movie)","http://dbpedia.org/ontology/wikiPageWikiLink","http://dbpedia.org/resource/Brighter_Than_Creation\'s_Dark"
"http://dbpedia.org/resource/Alice_(movie)","http://dbpedia.org/ontology/wikiPageWikiLink","http://dbpedia.org/resource/Great_Patriotic_War_(term)"
"http://dbpedia.org/resource/Alice_(movie)","http://dbpedia.org/ontology/wikiPageWikiLink","http://dbpedia.org/resource/Enzyte"
"http://dbpedia.org/resource/Alice_(movie)","http://dbpedia.org/ontology/wikiPageWikiLink","http://dbpedia.org/resource/Pork_Soda"
"http://dbpedia.org/resource/Alice_(movie)","http://dbpedia.org/ontology/wikiPageWikiLink","http://dbpedia.org/resource/Human_characters_on_Sesame_Street"
"http://dbpedia.org/resource/Alice_(movie)","http://dbpedia.org/ontology/wikiPageWikiLink","http://dbpedia.org/resource/Bob_the_Builder"
"http://dbpedia.org/resource/Alice_(movie)","http://dbpedia.org/ontology/wikiPageWikiLink","http://dbpedia.org/resource/Poodle_Hat"
"http://dbpedia.org/resource/Alice_(movie)","http://dbpedia.org/ontology/wikiPageWikiLink","http://dbpedia.org/resource/Bubble_Bobble"
"http://dbpedia.org/resource/Alice_(movie)","http://dbpedia.org/ontology/wikiPageWikiLink","http://dbpedia.org/resource/Almighty_Bob"
"http://dbpedia.org/resource/Alice_(movie)","http://dbpedia.org/ontology/wikiPageWikiLink","http://dbpedia.org/resource/BOB_(band)"
"http://dbpedia.org/resource/Alice_(movie)","http://dbpedia.org/ontology/wikiPageWikiLink","http://dbpedia.org/resource/BOB_(psychedelic)"
"http://dbpedia.org/resource/Alice_(movie)","http://dbpedia.org/ontology/wikiPageWikiLink","http://dbpedia.org/resource/Baby_Bob"
"http://dbpedia.org/resource/Alice_(movie)","http://dbpedia.org/ontology/wikiPageWikiLink","http://dbpedia.org/resource/Bank_One_Ballpark"
"http://dbpedia.org/resource/Alice_(movie)","http://dbpedia.org/ontology/wikiPageWikiLink","http://dbpedia.org/resource/Bank_of_Baroda"
"http://dbpedia.org/resource/Alice_(movie)","http://dbpedia.org/ontology/wikiPageWikiLink","http://dbpedia.org/resource/Bank_of_Botswana"
"http://dbpedia.org/resource/Alice_(movie)","http://dbpedia.org/ontology/wikiPageWikiLink","http://dbpedia.org/resource/Battle_of_the_Bastards"
"http://dbpedia.org/resource/Alice_(movie)","http://dbpedia.org/ontology/wikiPageWikiLink","http://dbpedia.org/resource/Beijing_Olympic_Broadcasting"
"http://dbpedia.org/resource/Alice_(movie)","http://dbpedia.org/ontology/wikiPageWikiLink","http://dbpedia.org/resource/Bend_Over_Boyfriend"
"http://dbpedia.org/resource/Alice_(movie)","http://dbpedia.org/ontology/wikiPageWikiLink","http://dbpedia.org/resource/Berlin_Operating_Base"
"http://dbpedia.org/resource/Alice_(movie)","http://dbpedia.org/ontology/wikiPageWikiLink","http://dbpedia.org/resource/Berner_Oberland_Bahn"
"http://dbpedia.org/resource/Alice_(movie)","http://dbpedia.org/ontology/wikiPageWikiLink","http://dbpedia.org/resource/Best_of_Biotech"
"http://dbpedia.org/resource/Alice_(movie)","http://dbpedia.org/ontology/wikiPageWikiLink","http://dbpedia.org/resource/Bob\'s_(disambiguation)"
"http://dbpedia.org/resource/Alice_(movie)","http://dbpedia.org/ontology/wikiPageWikiLink","http://dbpedia.org/resource/Bob,_Agent_of_HYDRA"
"http://dbpedia.org/resource/Alice_(movie)","http://dbpedia.org/ontology/wikiPageWikiLink","http://dbpedia.org/resource/Bob,_West_Virginia"
"http://dbpedia.org/resource/Alice_(movie)","http://dbpedia.org/ontology/wikiPageWikiLink","http://dbpedia.org/resource/Bob_(Blackadder_character)"
"http://dbpedia.org/resource/Alice_(movie)","http://dbpedia.org/ontology/wikiPageWikiLink","http://dbpedia.org/resource/Bob_(First_Comics)"
"http://dbpedia.org/resource/Alice_(movie)","http://dbpedia.org/ontology/wikiPageWikiLink","http://dbpedia.org/resource/Bob_(TV_series)"
"http://dbpedia.org/resource/Alice_(movie)","http://dbpedia.org/ontology/wikiPageWikiLink","http://dbpedia.org/resource/Bob_(Tekken)"
"http://dbpedia.org/resource/Alice_(movie)","http://dbpedia.org/ontology/wikiPageWikiLink","http://dbpedia.org/resource/Bob_(The_Dresden_Files)"
"http://dbpedia.org/resource/Alice_(movie)","http://dbpedia.org/ontology/wikiPageWikiLink","http://dbpedia.org/resource/Bob_(dog)"
"http://dbpedia.org/resource/Alice_(movie)","http://dbpedia.org/ontology/wikiPageWikiLink","http://dbpedia.org/resource/Bob_(given_name)"
"http://dbpedia.org/resource/Alice_(movie)","http://dbpedia.org/ontology/wikiPageWikiLink","http://dbpedia.org/resource/Bob_(physics)"
"http://dbpedia.org/resource/Alice_(movie)","http://dbpedia.org/ontology/wikiPageWikiLink","http://dbpedia.org/resource/Bob_(surname)"
"http://dbpedia.org/resource/Alice_(movie)","http://dbpedia.org/ontology/wikiPageWikiLink","http://dbpedia.org/resource/Bob_Belcher"
"http://dbpedia.org/resource/Alice_(movie)","http://dbpedia.org/ontology/wikiPageWikiLink","http://dbpedia.org/resource/Bob_FM"
"http://dbpedia.org/resource/Alice_(movie)","http://dbpedia.org/ontology/wikiPageWikiLink","http://dbpedia.org/resource/Bob_Island"
"http://dbpedia.org/resource/Alice_(movie)","http://dbpedia.org/ontology/wikiPageWikiLink","http://dbpedia.org/resource/Bob_Kelso"
"http://dbpedia.org/resource/Alice_(movie)","http://dbpedia.org/ontology/wikiPageWikiLink","http://dbpedia.org/resource/Bob_and_George"
"http://dbpedia.org/resource/Alice_(movie)","http://dbpedia.org/ontology/wikiPageWikiLink","http://dbpedia.org/resource/Bob_cut"
"http://dbpedia.org/resource/Alice_(movie)","http://dbpedia.org/ontology/wikiPageWikiLink","http://dbpedia.org/resource/Bob_the_Killer_Goldfish"
"http://dbpedia.org/resource/Alice_(movie)","http://dbpedia.org/ontology/wikiPageWikiLink","http://dbpedia.org/resource/Bobby_(disambiguation)"
"http://dbpedia.org/resource/Alice_(movie)","http://dbpedia.org/ontology/wikiPageWikiLink","http://dbpedia.org/resource/Boys_of_Bangladesh"
"http://dbpedia.org/resource/Alice_(movie)","http://dbpedia.org/ontology/wikiPageWikiLink","http://dbpedia.org/resource/Bug-out_bag"
"http://dbpedia.org/resource/Alice_(movie)","http://dbpedia.org/ontology/wikiPageWikiLink","http://dbpedia.org/resource/Building_Opportunities_with_Business"
"http://dbpedia.org/resource/Alice_(movie)","http://dbpedia.org/ontology/wikiPageWikiLink","http://dbpedia.org/resource/Buy_on_board"
"http://dbpedia.org/resource/Alice_(movie)","http://dbpedia.org/ontology/wikiPageWikiLink","http://dbpedia.org/resource/Hurricane_Bob_(disambiguation)"
"http://dbpedia.org/resource/Alice_(movie)","http://dbpedia.org/ontology/wikiPageWikiLink","http://dbpedia.org/resource/Killer_BOB"
'
