b'"s","o","p"
"http://dbpedia.org/resource/Australian_peers_and_baronets","http://dbpedia.org/ontology/wikiPageWikiLink","http://dbpedia.org/resource/Racism"
"http://dbpedia.org/resource/Overseas_constituencies_of_Italian_Parliament","http://dbpedia.org/ontology/wikiPageWikiLink","http://dbpedia.org/resource/Racism"
"http://dbpedia.org/resource/Revolution_Radio_Tour","http://dbpedia.org/ontology/wikiPageWikiLink","http://dbpedia.org/resource/Racism"
"http://dbpedia.org/resource/Larry_Hurtado","http://dbpedia.org/ontology/wikiPageWikiLink","http://dbpedia.org/resource/Racism"
"http://dbpedia.org/resource/List_of_participants_in_the_coronation_processions_of_King_George_VI","http://dbpedia.org/ontology/wikiPageWikiLink","http://dbpedia.org/resource/Racism"
"http://dbpedia.org/resource/1606","http://dbpedia.org/ontology/wikiPageWikiLink","http://dbpedia.org/resource/Racism"
"http://dbpedia.org/resource/16th_century","http://dbpedia.org/ontology/wikiPageWikiLink","http://dbpedia.org/resource/Racism"
"http://dbpedia.org/resource/1770","http://dbpedia.org/ontology/wikiPageWikiLink","http://dbpedia.org/resource/Racism"
"http://dbpedia.org/resource/17th_century","http://dbpedia.org/ontology/wikiPageWikiLink","http://dbpedia.org/resource/Racism"
"http://dbpedia.org/resource/1830s","http://dbpedia.org/ontology/wikiPageWikiLink","http://dbpedia.org/resource/Racism"
"http://dbpedia.org/resource/1840s","http://dbpedia.org/ontology/wikiPageWikiLink","http://dbpedia.org/resource/Racism"
"http://dbpedia.org/resource/1845","http://dbpedia.org/ontology/wikiPageWikiLink","http://dbpedia.org/resource/Racism"
"http://dbpedia.org/resource/1880","http://dbpedia.org/ontology/wikiPageWikiLink","http://dbpedia.org/resource/Racism"
"http://dbpedia.org/resource/18th_century","http://dbpedia.org/ontology/wikiPageWikiLink","http://dbpedia.org/resource/Racism"
"http://dbpedia.org/resource/1900s_(decade)","http://dbpedia.org/ontology/wikiPageWikiLink","http://dbpedia.org/resource/Racism"
"http://dbpedia.org/resource/1941","http://dbpedia.org/ontology/wikiPageWikiLink","http://dbpedia.org/resource/Racism"
"http://dbpedia.org/resource/1966","http://dbpedia.org/ontology/wikiPageWikiLink","http://dbpedia.org/resource/Racism"
"http://dbpedia.org/resource/1968","http://dbpedia.org/ontology/wikiPageWikiLink","http://dbpedia.org/resource/Racism"
"http://dbpedia.org/resource/1970","http://dbpedia.org/ontology/wikiPageWikiLink","http://dbpedia.org/resource/Racism"
"http://dbpedia.org/resource/2000s_(decade)","http://dbpedia.org/ontology/wikiPageWikiLink","http://dbpedia.org/resource/Racism"
"http://dbpedia.org/resource/2003","http://dbpedia.org/ontology/wikiPageWikiLink","http://dbpedia.org/resource/Racism"
"http://dbpedia.org/resource/2005","http://dbpedia.org/ontology/wikiPageWikiLink","http://dbpedia.org/resource/Racism"
"http://dbpedia.org/resource/2012","http://dbpedia.org/ontology/wikiPageWikiLink","http://dbpedia.org/resource/Racism"
"http://dbpedia.org/resource/2028","http://dbpedia.org/ontology/wikiPageWikiLink","http://dbpedia.org/resource/Racism"
"http://dbpedia.org/resource/2038","http://dbpedia.org/ontology/wikiPageWikiLink","http://dbpedia.org/resource/Racism"
"http://dbpedia.org/resource/3753_Cruithne","http://dbpedia.org/ontology/wikiPageWikiLink","http://dbpedia.org/resource/Racism"
"http://dbpedia.org/resource/7th_millennium_BC","http://dbpedia.org/ontology/wikiPageWikiLink","http://dbpedia.org/resource/Racism"
"http://dbpedia.org/resource/Abdominal_obesity","http://dbpedia.org/ontology/wikiPageWikiLink","http://dbpedia.org/resource/Racism"
"http://dbpedia.org/resource/Accountant","http://dbpedia.org/ontology/wikiPageWikiLink","http://dbpedia.org/resource/Racism"
"http://dbpedia.org/resource/Airliner","http://dbpedia.org/ontology/wikiPageWikiLink","http://dbpedia.org/resource/Racism"
"http://dbpedia.org/resource/Alain_Prost","http://dbpedia.org/ontology/wikiPageWikiLink","http://dbpedia.org/resource/Racism"
"http://dbpedia.org/resource/Ancient_history","http://dbpedia.org/ontology/wikiPageWikiLink","http://dbpedia.org/resource/Racism"
"http://dbpedia.org/resource/Anthrax","http://dbpedia.org/ontology/wikiPageWikiLink","http://dbpedia.org/resource/Racism"
"http://dbpedia.org/resource/Anzac_Day","http://dbpedia.org/ontology/wikiPageWikiLink","http://dbpedia.org/resource/Racism"
"http://dbpedia.org/resource/Apricot","http://dbpedia.org/ontology/wikiPageWikiLink","http://dbpedia.org/resource/Racism"
"http://dbpedia.org/resource/Archbishop","http://dbpedia.org/ontology/wikiPageWikiLink","http://dbpedia.org/resource/Racism"
"http://dbpedia.org/resource/Arctic","http://dbpedia.org/ontology/wikiPageWikiLink","http://dbpedia.org/resource/Racism"
"http://dbpedia.org/resource/Article_Three_of_the_United_States_Constitution","http://dbpedia.org/ontology/wikiPageWikiLink","http://dbpedia.org/resource/Racism"
"http://dbpedia.org/resource/Aryan_race","http://dbpedia.org/ontology/wikiPageWikiLink","http://dbpedia.org/resource/Racism"
"http://dbpedia.org/resource/Atmospheric_entry","http://dbpedia.org/ontology/wikiPageWikiLink","http://dbpedia.org/resource/Racism"
"http://dbpedia.org/resource/Australia_Group","http://dbpedia.org/ontology/wikiPageWikiLink","http://dbpedia.org/resource/Racism"
"http://dbpedia.org/resource/Azadirachta_indica","http://dbpedia.org/ontology/wikiPageWikiLink","http://dbpedia.org/resource/Racism"
"http://dbpedia.org/resource/Bangers_and_mash","http://dbpedia.org/ontology/wikiPageWikiLink","http://dbpedia.org/resource/Racism"
"http://dbpedia.org/resource/Banksia","http://dbpedia.org/ontology/wikiPageWikiLink","http://dbpedia.org/resource/Racism"
"http://dbpedia.org/resource/Beach","http://dbpedia.org/ontology/wikiPageWikiLink","http://dbpedia.org/resource/Racism"
"http://dbpedia.org/resource/Beef","http://dbpedia.org/ontology/wikiPageWikiLink","http://dbpedia.org/resource/Racism"
"http://dbpedia.org/resource/Bluefish","http://dbpedia.org/ontology/wikiPageWikiLink","http://dbpedia.org/resource/Racism"
"http://dbpedia.org/resource/Bodily_harm","http://dbpedia.org/ontology/wikiPageWikiLink","http://dbpedia.org/resource/Racism"
"http://dbpedia.org/resource/Bookends_(album)","http://dbpedia.org/ontology/wikiPageWikiLink","http://dbpedia.org/resource/Racism"
"http://dbpedia.org/resource/Bread","http://dbpedia.org/ontology/wikiPageWikiLink","http://dbpedia.org/resource/Racism"
'
