b'"s","o","p"
"http://dbpedia.org/resource/Rick_Parashar","http://dbpedia.org/ontology/wikiPageWikiLink","http://dbpedia.org/resource/Norman,_Arkansas"
"http://dbpedia.org/resource/Rick_Parashar","http://dbpedia.org/ontology/wikiPageWikiLink","http://dbpedia.org/resource/Norman,_Nebraska"
"http://dbpedia.org/resource/Rick_Parashar","http://dbpedia.org/ontology/wikiPageWikiLink","http://dbpedia.org/resource/Norman,_North_Carolina"
"http://dbpedia.org/resource/Rick_Parashar","http://dbpedia.org/ontology/wikiPageWikiLink","http://dbpedia.org/resource/Norman,_Oklahoma"
"http://dbpedia.org/resource/Rick_Parashar","http://dbpedia.org/ontology/wikiPageWikiLink","http://dbpedia.org/resource/Cape_Norman"
"http://dbpedia.org/resource/Rick_Parashar","http://dbpedia.org/ontology/wikiPageWikiLink","http://dbpedia.org/resource/Harvey_Norman"
"http://dbpedia.org/resource/Rick_Parashar","http://dbpedia.org/ontology/wikiPageWikiLink","http://dbpedia.org/resource/Lake_Norman"
"http://dbpedia.org/resource/Rick_Parashar","http://dbpedia.org/ontology/wikiPageWikiLink","http://dbpedia.org/resource/Norman,_California"
"http://dbpedia.org/resource/Rick_Parashar","http://dbpedia.org/ontology/wikiPageWikiLink","http://dbpedia.org/resource/Norman,_Indiana"
"http://dbpedia.org/resource/Rick_Parashar","http://dbpedia.org/ontology/wikiPageWikiLink","http://dbpedia.org/resource/Norman,_Wisconsin"
"http://dbpedia.org/resource/Rick_Parashar","http://dbpedia.org/ontology/wikiPageWikiLink","http://dbpedia.org/resource/Norman_(crater)"
"http://dbpedia.org/resource/Rick_Parashar","http://dbpedia.org/ontology/wikiPageWikiLink","http://dbpedia.org/resource/Norman_(film)"
"http://dbpedia.org/resource/Rick_Parashar","http://dbpedia.org/ontology/wikiPageWikiLink","http://dbpedia.org/resource/Norman_(name)"
"http://dbpedia.org/resource/Rick_Parashar","http://dbpedia.org/ontology/wikiPageWikiLink","http://dbpedia.org/resource/Norman_(song)"
"http://dbpedia.org/resource/Rick_Parashar","http://dbpedia.org/ontology/wikiPageWikiLink","http://dbpedia.org/resource/Norman_ASA"
"http://dbpedia.org/resource/Rick_Parashar","http://dbpedia.org/ontology/wikiPageWikiLink","http://dbpedia.org/resource/Norman_Cycles"
"http://dbpedia.org/resource/Rick_Parashar","http://dbpedia.org/ontology/wikiPageWikiLink","http://dbpedia.org/resource/Norman_Guitars"
"http://dbpedia.org/resource/Rick_Parashar","http://dbpedia.org/ontology/wikiPageWikiLink","http://dbpedia.org/resource/Norman_Township_(disambiguation)"
"http://dbpedia.org/resource/Rick_Parashar","http://dbpedia.org/ontology/wikiPageWikiLink","http://dbpedia.org/resource/Norman_architecture"
"http://dbpedia.org/resource/Rick_Parashar","http://dbpedia.org/ontology/wikiPageWikiLink","http://dbpedia.org/resource/Norman_boat"
"http://dbpedia.org/resource/Rick_Parashar","http://dbpedia.org/ontology/wikiPageWikiLink","http://dbpedia.org/resource/Norman_conquest_of_England"
"http://dbpedia.org/resource/Rick_Parashar","http://dbpedia.org/ontology/wikiPageWikiLink","http://dbpedia.org/resource/Norman_conquest_of_southern_Italy"
"http://dbpedia.org/resource/Rick_Parashar","http://dbpedia.org/ontology/wikiPageWikiLink","http://dbpedia.org/resource/Norman_dynasty"
"http://dbpedia.org/resource/Rick_Parashar","http://dbpedia.org/ontology/wikiPageWikiLink","http://dbpedia.org/resource/Norman_language"
"http://dbpedia.org/resource/Rick_Parashar","http://dbpedia.org/ontology/wikiPageWikiLink","http://dbpedia.org/resource/Normand"
"http://dbpedia.org/resource/Rick_Parashar","http://dbpedia.org/ontology/wikiPageWikiLink","http://dbpedia.org/resource/Normandy,_France"
"http://dbpedia.org/resource/Rick_Parashar","http://dbpedia.org/ontology/wikiPageWikiLink","http://dbpedia.org/resource/Normans"
"http://dbpedia.org/resource/Rick_Parashar","http://dbpedia.org/ontology/wikiPageWikiLink","http://dbpedia.org/resource/Normans_Kill"
"http://dbpedia.org/resource/Rick_Parashar","http://dbpedia.org/ontology/wikiPageWikiLink","http://dbpedia.org/resource/The_Normans_(TV_series)"
"http://dbpedia.org/resource/Rick_Parashar","http://dbpedia.org/ontology/wikiPageWikiLink","http://dbpedia.org/resource/Tropical_Storm_Norman"
"http://dbpedia.org/resource/Anyone_(band)","http://dbpedia.org/ontology/wikiPageWikiLink","http://dbpedia.org/resource/Norman,_Arkansas"
"http://dbpedia.org/resource/Anyone_(band)","http://dbpedia.org/ontology/wikiPageWikiLink","http://dbpedia.org/resource/Norman,_Nebraska"
"http://dbpedia.org/resource/Anyone_(band)","http://dbpedia.org/ontology/wikiPageWikiLink","http://dbpedia.org/resource/Norman,_North_Carolina"
"http://dbpedia.org/resource/Anyone_(band)","http://dbpedia.org/ontology/wikiPageWikiLink","http://dbpedia.org/resource/Norman,_Oklahoma"
"http://dbpedia.org/resource/Anyone_(band)","http://dbpedia.org/ontology/wikiPageWikiLink","http://dbpedia.org/resource/Cape_Norman"
"http://dbpedia.org/resource/Anyone_(band)","http://dbpedia.org/ontology/wikiPageWikiLink","http://dbpedia.org/resource/Harvey_Norman"
"http://dbpedia.org/resource/Anyone_(band)","http://dbpedia.org/ontology/wikiPageWikiLink","http://dbpedia.org/resource/Lake_Norman"
"http://dbpedia.org/resource/Anyone_(band)","http://dbpedia.org/ontology/wikiPageWikiLink","http://dbpedia.org/resource/Norman,_California"
"http://dbpedia.org/resource/Anyone_(band)","http://dbpedia.org/ontology/wikiPageWikiLink","http://dbpedia.org/resource/Norman,_Indiana"
"http://dbpedia.org/resource/Anyone_(band)","http://dbpedia.org/ontology/wikiPageWikiLink","http://dbpedia.org/resource/Norman,_Wisconsin"
"http://dbpedia.org/resource/Anyone_(band)","http://dbpedia.org/ontology/wikiPageWikiLink","http://dbpedia.org/resource/Norman_(crater)"
"http://dbpedia.org/resource/Anyone_(band)","http://dbpedia.org/ontology/wikiPageWikiLink","http://dbpedia.org/resource/Norman_(film)"
"http://dbpedia.org/resource/Anyone_(band)","http://dbpedia.org/ontology/wikiPageWikiLink","http://dbpedia.org/resource/Norman_(name)"
"http://dbpedia.org/resource/Anyone_(band)","http://dbpedia.org/ontology/wikiPageWikiLink","http://dbpedia.org/resource/Norman_(song)"
"http://dbpedia.org/resource/Anyone_(band)","http://dbpedia.org/ontology/wikiPageWikiLink","http://dbpedia.org/resource/Norman_ASA"
"http://dbpedia.org/resource/Anyone_(band)","http://dbpedia.org/ontology/wikiPageWikiLink","http://dbpedia.org/resource/Norman_Cycles"
"http://dbpedia.org/resource/Anyone_(band)","http://dbpedia.org/ontology/wikiPageWikiLink","http://dbpedia.org/resource/Norman_Guitars"
"http://dbpedia.org/resource/Anyone_(band)","http://dbpedia.org/ontology/wikiPageWikiLink","http://dbpedia.org/resource/Norman_Township_(disambiguation)"
"http://dbpedia.org/resource/Anyone_(band)","http://dbpedia.org/ontology/wikiPageWikiLink","http://dbpedia.org/resource/Norman_architecture"
"http://dbpedia.org/resource/Anyone_(band)","http://dbpedia.org/ontology/wikiPageWikiLink","http://dbpedia.org/resource/Norman_boat"
'
